,antecedents,consequents,antecedent support,consequent support,support,confidence,lift,leverage,conviction
1,frozenset({'COBuM'}),"frozenset({'COVIDhB', 'COVIDuB', 'TMA'})",0.28888888888888886,0.3333333333333333,0.2,0.6923076923076924,2.0769230769230775,0.10370370370370373,2.1666666666666674
0,"frozenset({'COVIDhB', 'COVIDuB', 'TMA'})",frozenset({'COBuM'}),0.3333333333333333,0.28888888888888886,0.2,0.6000000000000001,2.0769230769230775,0.10370370370370373,1.7777777777777783
