,antecedents,consequents,antecedent support,consequent support,support,confidence,lift,leverage,conviction
3,"frozenset({'COVIDuB', 'TmaxMA'})","frozenset({'INFu_B', 'TMA'})",0.26666666666666666,0.35555555555555557,0.2,0.75,2.109375,0.10518518518518519,2.5777777777777775
1,frozenset({'TmaxMA'}),"frozenset({'INFu_B', 'TMA'})",0.3111111111111111,0.35555555555555557,0.2222222222222222,0.7142857142857142,2.008928571428571,0.11160493827160492,2.2555555555555546
0,"frozenset({'INFu_B', 'TMA'})",frozenset({'TmaxMA'}),0.35555555555555557,0.3111111111111111,0.2222222222222222,0.6249999999999999,2.008928571428571,0.11160493827160492,1.8370370370370366
2,"frozenset({'INFu_B', 'TMA'})","frozenset({'COVIDuB', 'TmaxMA'})",0.35555555555555557,0.26666666666666666,0.2,0.5625,2.109375,0.10518518518518519,1.6761904761904762
